<?xml version="1.0" encoding="UTF-8" standalone="no"?>
<tns:loginConfiguration xmlns:tns="http://www.worklight.com/auth/config" xmlns:xsi="http://www.w3.org/2001/XMLSchema-instance">

		<!-- 
 * Copyright (c) 2006-2021 Contributors to the Eclipse Foundation
 * 
 * See the NOTICE file(s) distributed with this work for additional
 * information regarding copyright ownership.
 * 
 * This program and the accompanying materials are made available under the
 * terms of the Eclipse Public License 2.0 which is available at
 * http://www.eclipse.org/legal/epl-2.0
 * 
 * SPDX-License-Identifier: EPL-2.0
                  -->	
    <staticResources>
        <resource securityTest="WorklightConsole" id="worklightConsole">
        	<urlPatterns>/console*</urlPatterns>
        </resource>
    </staticResources>
    
	<securityTests>
        <!-- customSecurityTest name="DummyAdapter-securityTest">
            <test isInternalUserID="true" realm="CustomAuthenticatorRealm"/>
        </customSecurityTest -->
        
        <webSecurityTest name="wasWebSecurity">
            <testUser realm="WASLTPARealm" />
        </webSecurityTest>
        
        <mobileSecurityTest name="wasMobileSecurity">
            <testAppAuthenticity/>
            <testDeviceId provisioningType="none"/>
            <testUser realm="WASLTPARealm" />
        </mobileSecurityTest>
        <!-- 
        <customSecurityTest name="WorklightConsole">
            <test realm="CustomAuthenticatorRealm" isInternalUserID="true"/>
        </customSecurityTest>
        -->
        
         <customSecurityTest name="WorklightConsole">
            <test realm="WASLTPARealm" isInternalUserID="true"/>
        </customSecurityTest>
        <customSecurityTest name="WAS-securityTest">
            <test isInternalUserID="true" realm="WASLTPARealm"/>
        </customSecurityTest>     
    </securityTests>
    
    <realms>
	    <realm loginModule="CustomLoginModule" name="CustomAuthenticatorRealm">
	        <className>com.mypackage.MyCustomAuthenticator</className>
	    </realm>
	    
	    <realm name="WASLTPARealm" loginModule="WASLTPAModule">
	        <className>com.worklight.core.auth.ext.WebSphereFormBasedAuthenticator</className>
	        <parameter name="login-page" value="/login.html"/>
	        <parameter name="error-page" value="/loginError.html"/>
	    </realm>
	</realms>

	<loginModules>
	    <loginModule name="CustomLoginModule">
	        <className>com.mypackage.MyCustomLoginModule</className>
	    </loginModule>
	    
	    <loginModule name="WASLTPAModule">
	        <className>com.worklight.core.auth.ext.WebSphereLoginModule</className>
	    </loginModule>
	</loginModules>
</tns:loginConfiguration>
