<?xml version="1.0" encoding="UTF-8" standalone="no"?>
<!--  
 * Copyright (c) 2006-2021 Contributors to the Eclipse Foundation
 * 
 * See the NOTICE file(s) distributed with this work for additional
 * information regarding copyright ownership.
 * 
 * This program and the accompanying materials are made available under the
 * terms of the Eclipse Public License 2.0 which is available at
 * http://www.eclipse.org/legal/epl-2.0
 * 
 * SPDX-License-Identifier: EPL-2.0
 *
 -->
<wl:adapter xmlns:wl="http://www.worklight.com/integration" xmlns:http="http://www.worklight.com/integration/http" xmlns:xsi="http://www.w3.org/2001/XMLSchema-instance" name="DummyAdapter">

	<displayName>DummyAdapter</displayName>
	<description>DummyAdapter</description>
	<connectivity>
		<connectionPolicy xsi:type="http:HTTPConnectionPolicyType">
			<protocol>http</protocol>
			<domain>rss.cnn.com</domain>
			<port>80</port>			
		</connectionPolicy>
		<loadConstraints maxConcurrentConnectionsPerNode="2"/>
	</connectivity>
	
	<procedure name="getSecretData" securityTest="WAS-securityTest"/>

</wl:adapter>
