<?xml version="1.0" encoding="UTF-8" standalone="no"?>
<!--
 * Copyright (c) 2011-2021 Contributors to the Eclipse Foundation
 * 
 * See the NOTICE file(s) distributed with this work for additional
 * information regarding copyright ownership.
 * 
 * This program and the accompanying materials are made available under the
 * terms of the Eclipse Public License 2.0 which is available at
 * http://www.eclipse.org/legal/epl-2.0
 * 
 * SPDX-License-Identifier: EPL-2.0
-->
<!-- Attribute "id" must be identical to application folder name -->
<application xmlns="http://www.worklight.com/application-descriptor" id="AuthDemo" platformVersion="6.0.0">
    <displayName>AuthDemo</displayName>
    <description>AuthDemo</description>
    <author>
        <name>application's author</name>
        <email>application author's e-mail</email>
        <homepage>http://mycompany.com</homepage>
        <copyright>Copyright My Company</copyright>
    </author>
    <mainFile>AuthDemo.html</mainFile>
    <features>
        <JSONStore/>
    </features>
    <thumbnailImage>common/images/thumbnail.png</thumbnailImage>
    <mobileWebApp cacheManifest="no-use" version="1.0"/>
    <desktopBrowser cacheManifest="no-use" version="1.0"/>
    <common securityTest="WAS-securityTest"/>
    
</application>
