<?xml version="1.0" encoding="UTF-8"?>
<!--
 * Copyright (c) 2012-2021 Contributors to the Eclipse Foundation
 * 
 * See the NOTICE file(s) distributed with this work for additional
 * information regarding copyright ownership.
 * 
 * This program and the accompanying materials are made available under the
 * terms of the Eclipse Public License 2.0 which is available at
 * http://www.eclipse.org/legal/epl-2.0
 * 
 * SPDX-License-Identifier: EPL-2.0
-->
<wl:adapter name="httpAdapter"
	xmlns:xsi="http://www.w3.org/2001/XMLSchema-instance" 
	xmlns:wl="http://www.worklight.com/integration"
	xmlns:http="http://www.worklight.com/integration/http">

	<displayName>httpAdapter</displayName>
	<description>httpAdapter</description>
	<connectivity>
		<connectionPolicy xsi:type="http:HTTPConnectionPolicyType">
			<protocol>http</protocol>
			<domain>rss.cnn.com</domain>
			<port>80</port>	
			<!-- Following properties used by adapter's key manager for choosing specific certificate from key store  
			<sslCertificateAlias></sslCertificateAlias> 
			<sslCertificatePassword></sslCertificatePassword>
			-->		
		</connectionPolicy>
		<loadConstraints maxConcurrentConnectionsPerNode="2" />
	</connectivity>

	<procedure name="getStories"/>

	<procedure name="getStoriesFiltered"/>
	
</wl:adapter>
